Tarih,2m Bağıl Nem (%),2m Hava Sıcaklığı(°C),2m Rüzgâr Hızı (m/s),Küresel Güneş Radyasyonu (MJ/m2/gün),Toplam Yağış Miktarı (mm),Tmax_at 2 Meters(°C),Tmin_at 2 Meters(°C),J(Day of Year),ET0_FAO56_mm,Water_Balance_mm,SPEI_1,Drought_Class
1981-01-15,82.24,1.32,3.5,7.75,174.17,14.37,0.4,15,1.0972028957781654,173.07279710422182,4.331872871973926,Extremely Wet
1981-02-15,83.43,1.11,2.46,11.2,88.69,16.37,1.25,46,1.256132744558402,87.4338672554416,1.7457431821029175,Severely Wet
1981-03-15,76.62,5.94,2.54,15.57,24.21,22.62,3.47,74,2.3482523845781316,21.86174761542187,-0.23440773440511023,Normal
1981-04-15,66.2,8.7,2.03,18.91,26.42,29.12,2.41,105,3.6644602175718743,22.755539782428126,-0.2074169433740853,Normal
1981-05-15,61.53,12.27,2.15,22.75,26.41,36.76,7.65,135,5.601238484534282,20.80876151546572,-0.2662058736500376,Normal
1981-06-15,52.47,19.13,2.0,20.09,37.54,40.48,14.24,166,6.501504712341349,31.038495287658648,0.04271225826098472,Normal
1981-07-15,41.12,22.38,2.27,23.16,6.83,41.53,20.73,196,8.35665890889113,-1.5266589088911307,-0.9406922783397766,Normal
1981-08-15,37.1,21.57,2.4,22.98,7.08,41.94,21.55,227,8.962994312698976,-1.882994312698976,-0.951452916859745,Normal
1981-09-15,31.95,19.63,1.89,19.22,1.79,38.79,18.39,258,6.923131923706857,-5.133131923706857,-1.0496007730606083,Moderately Dry
1981-10-15,39.89,15.35,1.73,14.06,11.73,33.93,14.74,288,4.753001217022291,6.976998782977709,-0.6838982984491557,Normal
1981-11-15,68.8,3.88,2.56,9.39,46.89,25.29,2.46,319,2.3679683522146457,44.522031647785354,0.4498889215723094,Normal
1981-12-15,80.41,4.36,3.24,7.03,121.38,17.72,4.2,349,1.2956205628302624,120.08437943716973,2.7317253644090504,Extremely Wet
1982-01-15,82.72,0.91,2.25,7.75,125.68,17.54,-1.44,15,1.0205161615508136,124.65948383844919,2.8698846495297397,Extremely Wet
1982-02-15,77.98,-0.99,2.06,11.2,51.01,16.49,-2.29,46,1.3323031810511567,49.67769681894884,0.6055800166586603,Normal
1982-03-15,76.13,2.27,2.47,15.57,43.82,20.17,-0.69,74,2.0678130141673132,41.75218698583269,0.3662449814944133,Normal
1982-04-15,71.41,9.64,2.63,18.91,25.4,26.74,7.55,105,3.5178488674591897,21.88215113254081,-0.2337915877356895,Normal
1982-05-15,60.96,14.05,1.87,22.75,39.47,33.95,9.91,135,5.102763768643128,34.36723623135687,0.14323378275443707,Normal
1982-06-15,54.3,18.1,1.79,20.09,17.32,40.52,14.27,166,6.179335058828308,11.140664941171693,-0.5581636507903143,Normal
1982-07-15,46.17,19.86,2.31,23.16,14.03,40.13,19.5,196,7.876771221496614,6.153228778503386,-0.7087745558937314,Normal
1982-08-15,37.88,20.96,2.25,22.98,9.16,41.94,20.23,227,8.603537457420293,0.5564625425797072,-0.8777860481618822,Normal
1982-09-15,39.98,18.67,1.87,19.22,1.89,40.12,19.38,258,6.893071411591685,-5.0030714115916854,-1.045673197687413,Moderately Dry
1982-10-15,58.13,12.05,1.94,14.06,40.13,30.72,11.54,288,3.6843560997855627,36.44564390021444,0.20599766583400494,Normal
1982-11-15,69.22,3.6,2.38,9.39,21.47,25.84,3.53,319,2.347509457571182,19.122490542428817,-0.3171279885835011,Normal
1982-12-15,74.44,1.29,2.34,7.03,76.83,18.34,1.43,349,1.3788342419705082,75.45116575802949,1.3838888226189916,Moderately Wet
1983-01-15,80.82,-2.63,2.28,7.75,79.52,14.27,-2.87,15,0.953306054460513,78.56669394553948,1.4779717351399304,Moderately Wet
1983-02-15,79.6,-0.72,2.62,11.2,72.92,18.63,-3.5,46,1.450773922294002,71.469226077706,1.2636419623564479,Moderately Wet
1983-03-15,77.76,3.68,2.24,15.57,75.22,24.13,-2.87,74,2.1956785122616456,73.02432148773835,1.310602829541129,Moderately Wet
1983-04-15,68.32,9.58,2.16,18.91,32.32,30.8,7.15,105,3.9067975695984316,28.41320243040157,-0.03656649749585786,Normal
1983-05-15,60.6,14.38,1.9,22.75,37.09,31.67,11.27,135,4.921320358639516,32.168679641360484,0.076841635137798,Normal
1983-06-15,52.67,17.76,1.89,20.09,18.64,37.57,15.66,166,6.006127932534189,12.633872067465813,-0.5130716898181841,Normal
1983-07-15,41.75,21.61,2.53,23.16,0.44,39.87,19.3,196,8.275666767899857,-7.835666767899856,-1.1312120871069151,Moderately Dry
1983-08-15,37.55,20.57,2.23,22.98,4.91,40.74,19.92,227,8.317294077497767,-3.4072940774977667,-0.9974838152487174,Normal
1983-09-15,33.81,18.35,1.86,19.22,3.75,38.49,14.91,258,6.617394326682398,-2.8673943266823976,-0.981179889246804,Normal
1983-10-15,58.2,11.24,2.03,14.06,28.36,31.1,11.64,288,3.8371423986756876,24.52285760132431,-0.15404737078652458,Normal
1983-11-15,74.35,7.56,2.38,9.39,84.13,28.41,7.05,319,2.28337508260173,81.84662491739826,1.5770192930908458,Severely Wet
1983-12-15,79.35,2.97,1.9,7.03,46.28,19.17,2.46,349,1.1177968446348017,45.1622031553652,0.4692208602745455,Normal
1984-01-15,84.14,1.94,2.25,7.33,90.4,16.29,2.95,15,0.9737525575948508,89.42624744240516,1.805909201973968,Severely Wet
1984-02-15,74.28,3.39,2.16,12.8,46.27,18.18,3.85,46,1.7485191722023896,44.52148082779761,0.4498722878763186,Normal
1984-03-15,73.09,5.36,2.78,14.45,32.37,22.54,5.05,75,2.549342789919777,29.82065721008022,0.005935908819879901,Normal
1984-04-15,70.11,8.11,2.52,17.13,67.66,26.93,6.26,106,3.389860548239463,64.27013945176053,1.0462435000428034,Moderately Wet
1984-05-15,55.73,15.28,1.97,22.75,12.03,33.68,8.67,136,5.37501359860843,6.654986401391569,-0.6936224482253903,Normal
1984-06-15,46.14,18.86,2.32,26.93,4.22,39.56,15.34,167,8.026700390532026,-3.8067003905320265,-1.009545111744175,Moderately Dry
1984-07-15,36.79,21.62,2.78,25.72,2.04,41.26,20.17,197,9.735402079583036,-7.695402079583036,-1.1269763653909015,Moderately Dry
1984-08-15,38.73,19.35,2.44,23.95,9.61,39.65,18.52,228,8.418296025520041,1.1917039744799585,-0.858602988189341,Normal
1984-09-15,30.22,19.8,1.68,19.44,0.05,37.78,18.62,259,6.402353476308345,-6.352353476308346,-1.0864189007658582,Moderately Dry
1984-10-15,34.76,14.06,1.67,13.31,0.88,36.46,8.66,289,5.11062153934641,-4.23062153934641,-1.0223467087637657,Moderately Dry
1984-11-15,75.84,5.82,1.91,8.7,94.85,21.36,4.18,320,1.4975757746179903,93.35242422538201,1.92447213082032,Severely Wet
1984-12-15,78.37,-0.15,1.45,7.32,39.68,17.49,1.06,350,0.9558303302295781,38.72416966977042,0.2748047276713012,Normal
1985-01-15,82.98,2.35,2.54,7.68,101.63,16.81,1.4,15,1.0606273583517998,100.5693726416482,2.1424099845806377,Extremely Wet
1985-02-15,79.93,-2.53,3.43,8.5,51.73,17.81,-5.53,46,1.4014271419701276,50.32857285802987,0.6252352114639359,Normal
1985-03-15,70.46,4.2,2.11,15.0,52.24,22.97,-3.19,74,2.3763679650555667,49.86363203494444,0.6111948997886559,Normal
1985-04-15,65.72,10.34,2.25,18.89,27.81,29.28,7.32,105,3.9463556746107855,23.863644325389213,-0.173954333984958,Normal
1985-05-15,58.56,15.89,2.03,21.23,36.2,34.39,9.91,135,5.241177916831849,30.958822083168155,0.040306281913734,Normal
1985-06-15,45.6,19.4,1.97,27.77,8.72,37.97,15.88,166,7.418567298707758,1.3014327012922422,-0.8552893933237573,Normal
1985-07-15,35.69,20.18,2.65,24.95,2.27,41.89,20.04,196,9.896412482008628,-7.626412482008629,-1.1248930132647779,Moderately Dry
1985-08-15,28.77,24.06,2.0,25.27,0.12,43.09,21.17,227,8.901672405324806,-8.781672405324807,-1.1597796237406632,Moderately Dry
1985-09-15,32.69,18.26,1.91,19.97,3.03,38.75,18.43,258,7.129466207297772,-4.0994662072977714,-1.0183860719506388,Moderately Dry
1985-10-15,58.47,9.97,1.97,12.32,79.41,34.01,8.37,288,3.9834389529016545,75.42656104709835,1.3831458080394996,Moderately Wet
1985-11-15,70.11,8.7,2.14,7.74,80.45,25.6,6.64,319,2.0897186554702527,78.36028134452975,1.4717384746732551,Moderately Wet
1985-12-15,79.79,1.63,1.93,7.06,35.37,21.83,-0.86,349,1.1906810369555567,34.17931896304444,0.13755904548623007,Normal
1986-01-15,80.52,1.28,2.63,8.64,73.35,15.67,-1.07,15,1.1034354380457392,72.24656456195426,1.2871160778871242,Moderately Wet
1986-02-15,81.74,2.27,2.45,10.84,63.14,17.64,2.98,46,1.3957112794516044,61.7442887205484,0.9699677037466039,Normal
1986-03-15,68.93,6.25,1.55,16.44,12.92,25.98,1.37,74,2.626288045927753,10.293711954072247,-0.5837399893752366,Normal
1986-04-15,59.25,11.82,1.99,20.11,18.9,30.12,10.02,105,4.429501617219527,14.470498382780471,-0.4576091349775215,Normal
1986-05-15,64.9,11.62,1.76,20.11,50.03,31.73,9.66,135,4.278195462468471,45.75180453753153,0.48702567920796475,Normal
1986-06-15,50.82,18.47,1.97,24.17,10.16,37.93,17.23,166,6.8038372533177895,3.3561627466822106,-0.7932405285792304,Normal
1986-07-15,32.38,23.44,2.12,27.43,0.01,43.05,20.53,196,9.400129394297323,-9.390129394297324,-1.1781538454523297,Moderately Dry
1986-08-15,28.91,24.64,2.04,25.59,0.14,41.14,22.43,227,8.580087630444366,-8.440087630444365,-1.1494644256235678,Moderately Dry
1986-09-15,40.09,20.51,1.96,19.01,11.59,39.59,19.5,258,6.744078718099784,4.845921281900216,-0.7482527083732904,Normal
1986-10-15,53.36,12.95,2.01,13.31,22.48,30.43,13.04,288,3.940427407852111,18.53957259214789,-0.33473098082829184,Normal
1986-11-15,71.25,3.79,1.72,9.49,42.91,21.82,5.14,319,1.6796810542732112,41.230318945726786,0.350485578205561,Normal
1986-12-15,75.89,1.2,2.43,7.34,74.84,20.24,1.26,349,1.4494316397929548,73.39056836020706,1.3216627752035304,Moderately Wet
1987-01-15,77.86,1.99,2.99,6.98,81.22,17.68,0.09,15,1.3586279532248766,79.86137204677512,1.5170685043585963,Severely Wet
1987-02-15,72.01,3.45,2.27,11.6,28.92,19.44,0.81,46,1.8337386393793003,27.0862613606207,-0.07663754583017307,Normal
1987-03-15,75.46,0.64,2.6,15.57,107.1,20.34,-1.87,74,2.0833679382139696,105.01663206178603,2.27670859906923,Extremely Wet
1987-04-15,66.4,7.93,2.69,19.15,30.83,26.42,5.38,105,3.726228596006336,27.10377140399366,-0.07610877645954098,Normal
1987-05-15,54.82,14.93,2.0,21.53,19.52,35.83,9.51,135,5.662009063424972,13.857990936575028,-0.4761056726467335,Normal
1987-06-15,49.68,18.88,2.19,25.74,14.71,40.92,15.17,166,7.760443344943451,6.94955665505655,-0.6847269975220593,Normal
1987-07-15,41.55,22.52,2.35,27.97,24.75,44.25,18.96,196,9.570922755620712,15.179077244379288,-0.4362114267759891,Normal
1987-08-15,33.66,22.14,2.26,25.16,9.36,44.82,17.82,227,9.604430954989075,-0.24443095498907574,-0.9019714794388095,Normal
1987-09-15,29.38,19.35,2.05,19.95,0.02,39.6,18.57,258,7.664967238368175,-7.644967238368175,-1.1254533309426664,Moderately Dry
1987-10-15,54.22,11.7,1.99,11.89,27.39,36.38,7.06,288,4.491794831143105,22.898205168856897,-0.2031087252282975,Normal
1987-11-15,68.54,6.16,2.01,8.51,72.11,22.94,5.31,319,1.9416951191111527,70.16830488088884,1.2243566637520387,Moderately Wet
1987-12-15,81.76,1.27,2.11,6.31,92.87,18.95,-1.83,349,1.0151693616807467,91.85483063831926,1.8792477072351326,Severely Wet
1988-01-15,78.97,0.59,1.9,8.36,27.75,17.42,1.11,15,1.1205049900949302,26.62949500990507,-0.09043100428423789,Normal
1988-02-15,78.66,1.25,2.42,10.56,67.7,16.84,0.1,46,1.4174908591910271,66.28250914080897,1.10701316413172,Moderately Wet
1988-03-15,75.72,3.26,2.72,15.15,79.3,19.03,-1.17,75,2.055146139108109,77.2448538608919,1.438054726669542,Moderately Wet
1988-04-15,67.3,9.86,1.84,18.01,48.36,28.29,6.41,106,3.482339048202812,44.87766095179719,0.46062823724705176,Normal
1988-05-15,57.38,14.96,1.83,23.15,50.22,37.53,10.18,136,5.8109876270803325,44.40901237291967,0.4464759585334911,Normal
1988-06-15,55.51,18.56,1.96,25.34,30.79,38.39,16.04,167,6.672278204401934,24.117721795598065,-0.1662816868559632,Normal
1988-07-15,48.82,21.58,2.7,26.41,7.96,42.12,21.86,197,9.071429440778822,-1.1114294407788217,-0.9281531532305448,Normal
1988-08-15,33.23,22.53,2.42,25.41,0.26,41.19,20.84,228,9.136645132313923,-8.876645132313923,-1.1626476160127324,Moderately Dry
1988-09-15,35.2,18.67,1.9,18.77,2.16,40.95,17.06,259,7.208161538367068,-5.048161538367068,-1.0470348321190877,Moderately Dry
1988-10-15,64.22,11.64,1.91,11.24,71.29,34.06,10.82,289,3.5121018778714337,67.77789812212858,1.152171012896591,Moderately Wet
1988-11-15,78.08,2.55,2.49,7.89,74.07,21.09,-1.14,320,1.4584627496899325,72.61153725031006,1.2981375456590318,Moderately Wet
1988-12-15,84.8,1.74,2.19,6.78,67.71,17.32,-0.85,350,0.8737135855084919,66.8362864144915,1.1237361644258042,Moderately Wet
1989-01-15,84.57,-4.57,1.72,9.49,54.55,15.34,-3.44,15,0.7898838093310132,53.76011619066898,0.7288611688443842,Normal
1989-02-15,74.23,-0.25,2.47,11.95,7.96,20.18,-1.33,46,1.8051882413009197,6.15481175869908,-0.7087267529600682,Normal
1989-03-15,68.4,5.95,2.15,15.33,19.42,25.19,4.37,74,2.8306511132317347,16.589348886768267,-0.39362395666624633,Normal
1989-04-15,52.35,14.38,1.84,20.16,2.82,34.73,9.52,105,5.2171597218760635,-2.3971597218760636,-0.966979715624343,Normal
1989-05-15,48.33,15.69,2.1,23.91,17.73,39.19,12.58,135,7.146331535543216,10.583668464456785,-0.5749838647762844,Normal
1989-06-15,38.85,19.68,2.01,26.38,6.02,37.77,17.13,166,7.686474751960706,-1.6664747519607062,-0.9449144457993077,Normal
1989-07-15,34.37,23.06,2.62,27.48,0.16,43.38,22.07,196,10.469017458173068,-10.309017458173068,-1.2059024839261323,Moderately Dry
1989-08-15,32.09,23.8,2.09,25.54,0.33,40.55,21.87,227,8.4339285018032,-8.1039285018032,-1.1393130715065185,Moderately Dry
1989-09-15,38.23,18.58,1.87,20.52,2.19,37.61,17.07,258,6.457114749917791,-4.267114749917791,-1.0234487329892439,Moderately Dry
1989-10-15,62.84,10.51,1.98,12.45,55.27,30.02,12.05,288,3.3559639439836166,51.914036056016386,0.6731131269837917,Normal
1989-11-15,74.4,6.1,2.24,8.49,75.9,27.34,1.73,319,2.0182752336038114,73.88172476639619,1.3364947466756045,Moderately Wet
1989-12-15,78.63,1.15,1.86,7.75,64.12,19.89,-0.16,349,1.1435852523904197,62.97641474760958,1.007175521568152,Moderately Wet
1990-01-15,75.49,-2.31,1.62,8.1,11.08,16.88,-1.85,15,1.0955027560073136,9.984497243992687,-0.5930776742773443,Normal
1990-02-15,79.43,0.43,2.66,10.36,81.24,17.93,1.45,46,1.4846886033178808,79.75531139668212,1.5138656783002038,Severely Wet
1990-03-15,64.16,5.11,1.79,17.45,19.31,23.62,0.51,74,2.7570185376392455,16.552981462360755,-0.3947221823933833,Normal
1990-04-15,62.27,9.36,2.41,18.84,23.35,33.04,5.55,105,4.67359642133696,18.67640357866304,-0.33059895025123986,Normal
1990-05-15,58.15,13.64,1.79,20.74,34.91,38.32,6.96,135,5.499868175152026,29.41013182484797,-0.0064611621041676115,Normal
1990-06-15,46.65,18.56,2.28,25.13,8.09,40.52,13.59,166,7.864906516397875,0.22509348360212478,-0.8877927514595503,Normal
1990-07-15,36.84,23.6,2.61,26.31,0.58,40.97,20.92,196,9.298006972307832,-8.718006972307832,-1.1578570510644934,Moderately Dry
1990-08-15,33.1,20.92,2.44,25.38,0.05,41.52,21.57,227,9.560088582796052,-9.510088582796051,-1.1817763804314239,Moderately Dry
1990-09-15,40.39,17.85,2.09,19.66,12.21,38.48,17.04,258,6.851045072684138,5.358954927315863,-0.7327600866806215,Normal
1990-10-15,49.14,13.07,1.98,13.5,24.42,34.98,11.36,288,4.744696752731008,19.675303247268992,-0.3004341163988589,Normal
1990-11-15,62.0,8.57,1.65,9.3,18.34,28.19,4.57,319,2.380068729372426,15.959931270627575,-0.41263114869098955,Normal
1990-12-15,72.05,2.91,2.07,7.21,58.91,21.59,0.89,349,1.5538509569774848,57.35614904302251,0.8374543908947348,Normal
1991-01-15,76.23,-0.78,1.54,7.5,47.7,18.33,-1.04,15,1.1094293540749804,46.59057064592502,0.5123547899243672,Normal
1991-02-15,75.87,-0.43,1.92,11.09,35.74,19.32,-3.48,46,1.4939662756447292,34.24603372435527,0.13957370196644603,Normal
1991-03-15,68.31,5.98,2.21,14.39,25.12,28.36,1.23,74,3.0332519238112057,22.086748076188794,-0.22761315660210082,Normal
1991-04-15,64.94,10.07,2.16,17.78,62.95,30.77,7.22,105,4.012660327755714,58.93733967224429,0.8852032831192973,Normal
1991-05-15,56.97,13.8,2.21,20.8,23.29,31.41,11.23,135,5.087754264532891,18.20224573546711,-0.3449175980687624,Normal
1991-06-15,49.08,19.78,2.12,25.21,5.09,40.62,12.58,166,7.419854688620894,-2.3298546886208937,-0.9649472340755159,Normal
1991-07-15,33.82,23.42,2.38,27.57,0.86,40.44,20.58,196,9.145581986707755,-8.285581986707756,-1.1447986546567255,Moderately Dry
1991-08-15,34.68,22.87,2.24,25.25,0.53,40.49,21.01,227,8.537728138626784,-8.007728138626785,-1.1364080070010865,Moderately Dry
1991-09-15,36.21,18.41,1.85,20.69,6.54,38.07,16.98,258,6.637698192539037,-0.09769819253903655,-0.8975404344208614,Normal
1991-10-15,59.66,13.4,1.89,12.94,41.91,37.21,12.63,288,4.328854999923889,37.581145000076106,0.24028759813954342,Normal
1991-11-15,69.0,6.71,1.56,9.05,53.92,24.13,8.71,319,1.8638780700309607,52.05612192996904,0.6774038449760537,Normal
1991-12-15,84.09,-1.12,2.6,6.94,157.3,16.93,0.79,349,0.9649746045480365,156.33502539545196,3.826424608727683,Extremely Wet
1992-01-15,84.71,-4.0,1.47,8.84,9.32,13.46,-2.4,15,0.7082668947436095,8.611733105256391,-0.6345324904765298,Normal
1992-02-15,82.72,-4.73,2.33,12.65,34.88,15.5,-3.16,46,1.1481431588956281,33.731856841104374,0.12404655670705879,Normal
1992-03-15,73.64,1.83,2.39,16.14,21.65,21.93,-0.31,75,2.3087352136223314,19.341264786377668,-0.31052143046029423,Normal
1992-04-15,61.36,9.07,2.19,21.42,14.85,29.88,6.28,106,4.39356538478867,10.456434615211329,-0.5788260804096566,Normal
1992-05-15,58.61,13.43,1.84,20.6,69.83,33.11,9.4,136,4.861584381859194,64.96841561814081,1.0673300868181645,Moderately Wet
1992-06-15,56.66,18.18,1.68,24.8,26.63,36.73,15.17,167,6.002837502274369,20.627162497725628,-0.2716898119974497,Normal
1992-07-15,51.27,19.67,2.28,26.75,28.55,41.96,17.82,197,8.1855781124091,20.3644218875909,-0.2796240691606821,Normal
1992-08-15,41.75,21.68,2.44,25.65,0.4,40.85,20.7,228,8.622812422196926,-8.222812422196926,-1.142903135473004,Moderately Dry
1992-09-15,39.12,16.76,2.16,21.68,3.66,40.96,12.45,259,7.625395077975631,-3.9653950779756313,-1.014337383711461,Moderately Dry
1992-10-15,42.45,15.05,1.89,13.5,3.44,35.92,11.74,289,5.0276003156610205,-1.5876003156610206,-0.9425325907031892,Normal
1992-11-15,65.95,5.26,2.54,8.71,63.31,31.34,-0.52,320,3.118018073004717,60.19198192699528,0.9230910473744978,Normal
1992-12-15,86.07,-2.12,1.8,7.49,80.75,16.69,-2.33,350,0.7423866531751894,80.00761334682481,1.5214847081646419,Severely Wet
1993-01-15,80.6,-2.27,1.83,8.1,47.27,17.45,-1.61,15,1.0123293680648904,46.25767063193511,0.5023018547527347,Normal
1993-02-15,79.18,-2.21,3.37,11.72,20.73,17.31,-4.26,46,1.495682856089648,19.234317143910353,-0.3137510419691584,Normal
1993-03-15,68.18,3.57,2.22,16.72,44.89,24.24,1.78,74,2.7857392212168346,42.104260778783164,0.37687692762665115,Normal
1993-04-15,59.78,9.16,2.37,18.91,24.63,30.61,6.16,105,4.492142691585756,20.137857308414244,-0.2864658803079781,Normal
1993-05-15,66.13,13.52,1.75,21.63,67.35,34.36,9.47,135,4.664487461386755,62.68551253861324,0.9983908387041446,Normal
1993-06-15,50.16,18.61,2.0,25.17,16.78,40.59,15.77,166,7.396446934989951,9.38355306501005,-0.6112250236891876,Normal
1993-07-15,37.74,21.85,2.47,27.67,0.14,42.57,21.63,196,9.857503822496996,-9.717503822496996,-1.1880399186431867,Moderately Dry
1993-08-15,35.63,22.49,2.28,24.76,1.04,43.05,22.52,227,9.308420897743503,-8.268420897743503,-1.1442804230328676,Moderately Dry
1993-09-15,33.71,19.04,2.11,19.42,0.13,40.14,14.6,258,7.369823726455984,-7.239823726455984,-1.113218782161349,Moderately Dry
1993-10-15,32.63,15.18,1.59,14.48,5.17,35.88,14.88,288,5.219846798672237,-0.04984679867223729,-0.8960954150751136,Normal
1993-11-15,64.02,4.07,2.04,9.77,37.26,27.07,1.52,319,2.5154495486161146,34.74455045138389,0.15462794086156678,Normal
1993-12-15,78.34,3.78,1.88,7.81,35.42,19.96,4.63,349,1.2186929062210807,34.20130709377892,0.13822304441542765,Normal
1994-01-15,77.2,3.09,2.03,8.35,102.02,19.32,3.86,15,1.3356417304112593,100.68435826958874,2.145882327670989,Extremely Wet
1994-02-15,77.98,1.19,2.11,10.91,52.29,20.33,-0.64,46,1.5508980529633767,50.73910194703662,0.6376323942347943,Normal
1994-03-15,68.07,5.0,2.03,15.47,24.09,22.12,1.95,74,2.5057561120627856,21.584243887937212,-0.24278780909736966,Normal
1994-04-15,56.49,12.27,2.15,19.83,38.73,32.28,7.9,105,4.865530712800986,33.864469287199015,0.12805119554009126,Normal
1994-05-15,54.31,15.75,1.86,24.79,32.49,37.73,10.26,135,6.219560120961168,26.270439879038832,-0.1012737732897981,Normal
1994-06-15,42.46,18.5,2.76,25.62,7.34,39.47,15.68,166,8.73961445911355,-1.3996144591135504,-0.9368557822032266,Normal
1994-07-15,35.09,22.49,2.46,27.83,7.94,41.68,20.2,196,9.606617045328436,-1.6666170453284357,-0.9449187427832099,Normal
1994-08-15,36.86,21.72,2.46,25.02,5.67,44.49,20.16,227,9.885189312093324,-4.215189312093324,-1.0218806854125806,Moderately Dry
1994-09-15,34.27,22.01,1.83,20.62,0.44,41.45,21.65,258,7.355600237702355,-6.915600237702354,-1.103427861234384,Moderately Dry
1994-10-15,54.11,15.61,1.71,13.55,64.72,37.18,14.9,288,4.464541886485719,60.25545811351428,0.9250079051732399,Normal
1994-11-15,76.92,4.43,2.36,8.25,140.35,28.14,1.83,319,2.0011913294351737,138.3488086705648,3.2832757258210425,Extremely Wet
1994-12-15,88.19,-0.72,2.26,7.26,64.72,15.83,-0.79,349,0.7179569299875413,64.00204307001246,1.0381475089577918,Moderately Wet
1995-01-15,84.64,1.34,2.33,7.44,60.04,17.48,-0.87,15,0.960306602108528,59.07969339789147,0.8895020897135644,Normal
1995-02-15,76.56,2.64,1.65,12.13,29.56,19.72,1.09,46,1.5408211108400065,28.019178889159992,-0.04846524471645346,Normal
1995-03-15,73.8,4.72,2.69,15.32,45.01,22.42,2.48,74,2.453880823749611,42.556119176250384,0.39052217540556367,Normal
1995-04-15,69.25,8.03,2.22,17.43,36.72,27.2,4.66,105,3.331283106063243,33.38871689393675,0.11368439540123773,Normal
1995-05-15,56.64,15.81,1.7,22.82,21.73,38.52,8.74,135,5.7790336130576865,15.950966386942314,-0.41290187080189905,Normal
1995-06-15,50.91,20.54,1.86,25.46,33.99,41.64,17.38,166,7.40497388277832,26.58502611722168,-0.09177387865045514,Normal
1995-07-15,54.33,19.88,2.28,26.14,28.03,40.26,20.11,196,7.675705500157172,20.35429449984283,-0.2799298966410391,Normal
1995-08-15,37.29,23.12,1.99,24.89,4.19,42.05,22.1,227,8.337563258366416,-4.147563258366415,-1.019838509667732,Moderately Dry
1995-09-15,38.8,19.19,1.93,20.79,2.2,38.96,15.22,258,6.655197705970751,-4.455197705970751,-1.0291284737060669,Moderately Dry
1995-10-15,54.36,10.55,2.0,14.05,24.27,31.99,11.26,288,4.160307287645409,20.10969271235459,-0.28731639651832436,Normal
1995-11-15,71.33,3.82,2.5,9.11,124.02,25.77,0.05,319,2.185604036393038,121.83439596360695,2.7845724714989655,Extremely Wet
1995-12-15,83.59,0.8,1.66,7.03,19.68,17.87,0.27,349,0.8565528559024235,18.823447144097575,-0.32615851958558095,Normal
1996-01-15,82.69,-0.29,1.67,7.57,93.75,16.48,-0.46,15,0.8936442204378352,92.85635577956216,1.9094918252722688,Severely Wet
1996-02-15,78.07,2.75,2.27,11.23,54.04,18.92,-0.67,46,1.5327325685774165,52.507267431422584,0.6910275646771398,Normal
1996-03-15,79.43,3.82,2.13,12.88,93.35,20.76,3.74,75,1.8704302607660157,91.47956973923398,1.8679155554405484,Severely Wet
1996-04-15,73.35,6.89,2.01,18.55,40.89,26.54,4.89,106,3.0697438594797055,37.82025614052029,0.24750829111846714,Normal
1996-05-15,58.09,16.41,1.81,24.81,23.72,34.92,13.7,136,5.699058782212182,18.020941217787815,-0.3503926430851597,Normal
1996-06-15,48.93,18.45,2.08,26.71,8.2,42.66,15.87,167,8.225571188328251,-0.025571188328251893,-0.8953623386954672,Normal
1996-07-15,34.26,24.57,2.23,26.45,1.41,41.96,22.23,197,9.115545745020594,-7.7055457450205935,-1.1272826844259305,Moderately Dry
1996-08-15,37.16,23.02,2.13,25.38,8.98,42.66,23.03,228,8.876434809679358,0.10356519032064249,-0.8914626703617312,Normal
1996-09-15,46.58,18.25,2.25,19.76,15.87,37.03,17.97,259,6.423455638595439,9.446544361404559,-0.6093228086323558,Normal
1996-10-15,60.05,11.25,1.85,12.39,73.65,34.42,7.66,289,3.746710051728844,69.90328994827117,1.2163537264580775,Moderately Wet
1996-11-15,66.89,7.84,1.69,10.32,5.72,25.23,9.69,320,2.133656998479772,3.586343001520228,-0.7862895310351251,Normal
1996-12-15,83.85,4.51,2.27,5.88,86.77,19.44,5.83,350,1.0619707069251738,85.70802929307482,1.6936262207832895,Severely Wet
1997-01-15,75.43,1.48,1.98,9.14,31.6,18.6,-1.38,15,1.2889295578982898,30.311070442101713,0.02074543787256509,Normal
1997-02-15,76.48,-1.19,2.17,11.74,53.6,20.61,-3.44,46,1.6174766554220037,51.982523344578,0.6751813103513408,Normal
1997-03-15,71.24,1.19,2.2,16.11,33.24,19.89,-1.29,74,2.1922094572925888,31.047790542707414,0.042992956946722435,Normal
1997-04-15,70.35,6.14,2.82,18.95,61.2,30.06,-0.22,105,3.762508129986769,57.43749187001323,0.8399107866053095,Normal
1997-05-15,60.69,16.15,1.63,25.86,29.85,35.68,10.12,135,5.52998253887116,24.32001746112884,-0.1601727498610107,Normal
1997-06-15,60.36,18.46,1.79,26.3,68.73,40.06,14.27,166,6.5385103901798205,62.19148960982018,0.9834723038055332,Normal
1997-07-15,46.06,21.46,2.26,28.26,0.33,41.43,21.7,196,8.768956713064723,-8.438956713064723,-1.1494302741107283,Moderately Dry
1997-08-15,42.92,21.19,1.93,25.21,15.34,38.44,20.91,227,7.329173460102953,8.010826539897046,-0.6526787040298552,Normal
1997-09-15,41.56,16.06,1.95,20.59,21.96,37.24,15.28,258,6.425746984512681,15.53425301548732,-0.42548580691587135,Normal
1997-10-15,66.82,12.55,2.16,13.63,78.71,34.63,12.43,288,3.8216683994095066,74.88833160059049,1.3668923219901683,Moderately Wet
1997-11-15,68.68,7.44,1.6,10.84,57.09,24.96,7.95,319,1.9765170495054272,55.11348295049458,0.7697302217978682,Normal
1997-12-15,84.11,2.25,2.34,6.36,84.9,18.17,1.03,349,0.965239348070622,83.93476065192938,1.640076944898115,Severely Wet
1998-01-15,80.61,-0.26,1.9,7.4,35.0,16.77,-0.28,15,1.0109070697187392,33.98909293028126,0.13181458800662466,Normal
1998-02-15,76.01,0.73,1.98,12.23,16.76,19.89,-1.16,46,1.607247209780959,15.152752790219044,-0.43700637426766925,Normal
1998-03-15,70.84,2.76,2.64,15.88,52.0,19.86,0.79,74,2.3644863091532997,49.6355136908467,0.6043061679523628,Normal
1998-04-15,64.2,11.09,2.01,20.44,51.4,32.69,5.85,105,4.384914762098618,47.01508523790138,0.5251743077771954,Normal
1998-05-15,63.72,14.9,1.87,24.97,45.12,32.99,11.4,135,5.148530427326956,39.971469572673044,0.31247076713215804,Normal
1998-06-15,57.39,19.21,1.79,25.6,8.61,39.85,16.35,166,6.6596335632504715,1.950366436749528,-0.8356928523232058,Normal
1998-07-15,38.23,23.56,2.34,28.69,2.48,45.8,21.27,196,10.379420067990402,-7.899420067990402,-1.1331373131983966,Moderately Dry
1998-08-15,31.62,24.28,2.27,25.21,2.69,43.95,23.93,227,9.730193280302176,-7.0401932803021765,-1.1071903296256602,Moderately Dry
1998-09-15,41.11,19.57,1.87,21.95,7.05,39.78,17.86,258,6.839851580236198,0.21014841976380172,-0.888244063419865,Normal
1998-10-15,47.81,13.68,2.22,14.81,51.57,35.53,11.47,288,5.26897879440062,46.30102120559938,0.5036109580521813,Normal
1998-11-15,74.48,9.28,2.04,10.02,56.34,27.02,10.55,319,2.1043574004913195,54.23564259950869,0.7432211446916959,Normal
1998-12-15,81.82,3.25,2.06,6.5,114.44,20.0,1.63,349,1.0789360870001574,113.36106391299984,2.5286942671950996,Extremely Wet
1999-01-15,81.85,1.85,2.04,8.98,43.9,17.13,2.46,15,1.0682564397219891,42.83174356027801,0.39884549756809995,Normal
1999-02-15,78.23,1.94,2.97,12.02,69.04,18.91,-1.02,46,1.6569657054460243,67.38303429455398,1.1402468906574417,Moderately Wet
1999-03-15,71.33,4.77,2.26,16.8,37.48,23.3,2.27,74,2.6023207354223747,34.87767926457762,0.1586481729801319,Normal
1999-04-15,66.12,10.04,1.77,22.28,33.87,29.69,7.5,105,4.015703540676431,29.854296459323567,0.006951748945005299,Normal
1999-05-15,53.51,15.99,1.95,27.86,13.87,36.8,12.13,135,6.607014377399685,7.262985622600314,-0.6752620502129111,Normal
1999-06-15,59.45,18.5,1.86,26.2,46.26,37.85,18.59,166,6.505901042226396,39.7540989577736,0.30590659588562796,Normal
1999-07-15,45.24,23.16,2.17,28.37,3.34,42.95,22.69,196,8.999875706302209,-5.659875706302209,-1.0655074143221257,Moderately Dry
1999-08-15,36.88,24.19,2.21,24.75,10.43,42.46,20.61,227,8.590431725324082,1.8395682746759174,-0.8390387420608246,Normal
1999-09-15,40.48,19.1,1.67,21.61,11.81,37.96,18.03,258,6.214146317043015,5.595853682956985,-0.7256062034345463,Normal
1999-10-15,55.82,13.42,1.83,14.9,19.76,36.65,12.66,288,4.5625331341183095,15.197466865881692,-0.4356560958507098,Normal
1999-11-15,59.86,6.07,1.97,9.33,6.16,26.65,2.64,319,2.586015597716356,3.573984402283644,-0.7866627367777399,Normal
1999-12-15,62.21,4.38,2.11,8.3,27.73,20.17,5.17,349,1.947265726373239,25.78273427362676,-0.11600153726699632,Normal
2000-01-15,83.98,-3.74,2.4,8.64,94.23,18.85,-4.32,15,1.0186708605446024,93.2113291394554,1.9202113327060277,Severely Wet
2000-02-15,78.29,-0.53,2.19,11.12,59.79,15.84,-0.86,46,1.337947107611695,58.4520528923883,0.8705485629855502,Normal
2000-03-15,69.24,3.05,2.46,16.69,34.63,23.91,-0.51,75,2.7405412106151035,31.8894587893849,0.06840970661416733,Normal
2000-04-15,67.11,11.03,2.74,20.82,63.21,30.12,5.0,106,4.26806377183612,58.94193622816388,0.885342090198692,Normal
2000-05-15,63.44,13.9,1.56,23.75,57.97,32.54,9.99,136,4.734702969765153,53.23529703023485,0.7130126474416939,Normal
2000-06-15,53.69,18.28,2.26,27.79,17.03,39.43,15.78,167,7.56368698990733,9.466313010092671,-0.6087258337589982,Normal
2000-07-15,29.61,24.99,2.31,28.16,0.0,44.91,20.92,197,10.3498852877747,-10.3498852877747,-1.207136613167121,Moderately Dry
2000-08-15,39.18,22.49,2.69,25.93,4.17,42.45,20.74,228,9.546722334923764,-5.376722334923764,-1.0569567313348218,Moderately Dry
2000-09-15,41.63,18.84,1.83,20.87,3.65,38.43,15.22,259,6.2762973842033,-2.6262973842033,-0.9738992288954508,Normal
2000-10-15,60.22,11.18,1.82,13.63,40.27,33.28,9.2,289,3.6917936090143133,36.57820639098569,0.21000079611309802,Normal
2000-11-15,58.02,7.42,1.48,11.2,47.61,27.76,8.41,320,2.532422217389933,45.077577782610064,0.466665338044353,Normal
2000-12-15,80.05,1.28,1.97,7.72,43.17,19.81,1.36,350,1.133380171507268,42.03661982849273,0.3748343020344577,Normal
2001-01-15,74.91,2.31,1.6,8.85,9.39,18.68,1.87,15,1.2350380638615486,8.154961936138452,-0.6483260944370051,Normal
2001-02-15,74.07,2.01,2.38,10.9,64.2,20.11,-1.11,46,1.7609953341315852,62.43900466586842,0.9909467787466227,Normal
2001-03-15,62.78,9.39,2.16,16.99,24.42,26.29,7.15,74,3.386679576660936,21.033320423339067,-0.2594246298885645,Normal
2001-04-15,58.37,11.01,2.44,21.62,23.61,33.64,8.83,105,5.381878420144868,18.22812157985513,-0.3441361977226755,Normal
2001-05-15,61.55,13.65,2.17,22.73,83.95,35.48,11.84,135,5.558325682918716,78.39167431708128,1.4726864815961835,Moderately Wet
2001-06-15,41.14,20.2,2.07,30.47,0.38,38.75,15.96,166,8.210256684435528,-7.830256684435528,-1.131048713072507,Moderately Dry
2001-07-15,31.54,25.13,2.32,28.34,1.07,41.02,21.82,196,9.324079030178211,-8.254079030178211,-1.14384732643084,Moderately Dry
2001-08-15,35.88,24.26,2.17,25.47,2.92,41.83,21.36,227,8.567492729962568,-5.647492729962568,-1.065133472438248,Moderately Dry
2001-09-15,38.72,20.23,1.74,21.63,8.59,38.21,18.63,258,6.405195426493181,2.1848045735068187,-0.8286132749980729,Normal
2001-10-15,43.26,12.56,1.7,15.66,17.1,35.58,9.69,288,4.875584719389582,12.224415280610419,-0.5254364911424851,Normal
2001-11-15,76.13,5.38,2.68,8.99,131.94,24.48,0.61,319,1.8591472851192261,130.08085271488076,3.033599481509065,Extremely Wet
2001-12-15,87.7,1.51,2.9,5.71,197.47,17.16,-1.42,349,0.8176516468412864,196.65234835315871,5.043929616101716,Extremely Wet
2002-01-15,87.64,-3.33,1.78,7.8,59.22,18.2,-2.03,15,0.7728112785872018,58.4471887214128,0.8704016744501777,Normal
2002-02-15,70.42,3.51,1.92,12.22,37.04,19.02,1.39,46,1.7970220491649451,35.242977950835055,0.16967948525679594,Normal
2002-03-15,69.72,6.5,2.34,16.61,27.56,24.11,4.95,74,2.8379117906791302,24.72208820932087,-0.1480309925881895,Normal
2002-04-15,72.17,8.74,2.04,18.64,82.68,24.74,6.43,105,3.0894555845126104,79.5905444154874,1.5088900348313925,Severely Wet
2002-05-15,62.55,13.74,1.69,26.51,26.14,32.65,11.71,135,5.202519004955006,20.937480995044993,-0.2623187948601402,Normal
2002-06-15,54.4,18.93,2.21,27.87,8.61,40.08,15.56,166,7.568361761642332,1.0416382383576677,-0.8631346825519806,Normal
2002-07-15,41.21,23.6,2.03,27.8,7.93,43.99,22.61,196,9.141705326875346,-1.2117053268753466,-0.9311812906286915,Normal
2002-08-15,39.06,22.1,2.09,25.5,7.66,43.62,21.31,227,8.898998079414481,-1.2389980794144808,-0.9320054788545881,Normal
2002-09-15,52.44,18.41,1.61,20.48,34.52,37.48,17.99,258,5.449699582154498,29.070300417845505,-0.016723411909852545,Normal
2002-10-15,53.55,13.42,1.84,14.87,16.24,35.82,11.43,288,4.52293432170175,11.717065678298248,-0.5407574657506521,Normal
2002-11-15,59.69,8.2,1.96,10.43,33.54,25.6,7.2,319,2.5673717567714602,30.972628243228538,0.040723201187460506,Normal
2002-12-15,80.72,-1.81,2.01,6.26,82.01,18.18,-2.4,349,1.003556606052623,81.00644339394738,1.55164743958317,Severely Wet
2003-01-15,82.01,2.79,2.54,7.67,52.37,18.04,2.59,15,1.1636235209121586,51.20637647908784,0.6517431793974775,Normal
2003-02-15,80.6,-1.53,2.68,7.9,70.95,15.72,-1.32,46,1.2186721226173431,69.73132787738265,1.2111608052265563,Moderately Wet
2003-03-15,75.46,1.65,2.2,14.84,61.68,20.67,0.75,74,2.0510215528142632,59.62897844718574,0.9060894335382771,Normal
2003-04-15,68.99,8.41,2.56,19.18,46.66,26.69,6.87,105,3.6114687069483526,43.048531293051646,0.405392066904215,Normal
2003-05-15,53.36,16.65,1.53,25.53,41.05,35.68,13.5,135,5.825092420894117,35.22490757910588,0.16913379505587514,Normal
2003-06-15,49.75,18.97,1.92,28.95,12.79,38.7,15.07,166,7.385612570293085,5.404387429706914,-0.7313881131689709,Normal
2003-07-15,36.04,22.22,2.39,28.98,0.01,42.09,21.68,196,9.829550087938632,-9.819550087938632,-1.1911215180660786,Moderately Dry
2003-08-15,31.68,23.04,2.37,26.58,0.06,42.45,22.97,227,9.750659274273918,-9.690659274273917,-1.187229265318893,Moderately Dry
2003-09-15,44.81,17.84,2.11,20.91,13.61,39.34,17.39,258,6.922875582632775,6.687124417367224,-0.6926519424351505,Normal
2003-10-15,50.14,14.41,2.24,14.74,23.92,35.68,6.23,288,4.8936133113579965,19.026386688642006,-0.32003013869242886,Normal
2003-11-15,66.56,6.64,1.55,10.25,26.47,27.88,5.98,319,2.197324879166831,24.272675120833167,-0.16160239677559513,Normal
2003-12-15,77.82,1.72,2.26,7.01,85.77,19.23,0.28,349,1.243467993241572,84.52653200675843,1.6579472927999506,Severely Wet
2004-01-15,82.82,-0.48,2.72,7.24,118.67,14.2,-3.57,15,0.9296088440099384,117.74039115599007,2.660941461604889,Extremely Wet
2004-02-15,79.4,0.72,2.68,10.09,29.6,21.13,-3.58,46,1.579656028497864,28.020343971502136,-0.04843006148796749,Normal
2004-03-15,64.04,5.31,2.52,17.17,7.99,26.32,0.21,75,3.334662778500158,4.655337221499842,-0.7540079775935841,Normal
2004-04-15,59.46,9.34,2.18,21.22,33.26,29.22,3.22,106,4.30667158235994,28.95332841764006,-0.02025573959247377,Normal
2004-05-15,57.1,14.61,2.07,25.56,13.01,32.01,11.39,136,5.540378738724931,7.469621261275069,-0.66902205444106,Normal
2004-06-15,47.42,19.59,2.11,28.19,15.3,38.79,16.32,167,7.705667339182415,7.594332660817586,-0.6652560118995223,Normal
2004-07-15,32.91,23.03,2.41,29.53,2.43,43.42,21.04,197,10.345882170525217,-7.915882170525217,-1.1336344367869111,Moderately Dry
2004-08-15,35.11,23.45,1.94,25.7,1.55,40.18,22.21,228,8.024955831538087,-6.474955831538087,-1.0901212542570524,Moderately Dry
2004-09-15,32.02,18.85,2.21,22.67,0.0,38.51,15.96,259,7.608753645916929,-7.608753645916929,-1.1243597506424405,Moderately Dry
2004-10-15,45.8,15.18,1.71,15.73,7.25,35.85,15.89,289,4.912619100502205,2.337380899497795,-0.8240057656876056,Normal
2004-11-15,71.08,6.55,2.3,9.39,101.89,28.53,1.63,320,2.3476080406182955,99.5423919593817,2.111397158544358,Extremely Wet
2004-12-15,76.44,0.83,1.76,7.98,22.66,18.52,-1.85,350,1.1110883757290075,21.548911624270993,-0.24385477497654293,Normal
2005-01-15,77.25,0.88,2.38,8.16,64.49,16.69,-0.21,15,1.232996174261082,63.25700382573891,1.0156487678696309,Moderately Wet
2005-02-15,78.07,0.22,3.03,11.8,32.81,17.8,-2.32,46,1.574447133360677,31.235552866639324,0.04866301519496205,Normal
2005-03-15,69.51,5.14,2.63,16.9,31.79,22.82,2.56,74,2.7730282509139457,29.016971749086053,-0.01833383434090864,Normal
2005-04-15,62.72,9.95,2.44,19.9,31.3,30.12,4.05,105,4.295859500345756,27.004140499654245,-0.07911743665877319,Normal
2005-05-15,55.89,14.67,2.01,24.83,13.43,34.78,8.51,135,5.762949492500674,7.667050507499326,-0.6630600738767188,Normal
2005-06-15,48.4,18.91,1.94,28.36,15.17,37.12,17.0,166,7.237230856980853,7.932769143019147,-0.6550358861190806,Normal
2005-07-15,34.03,24.53,2.36,28.64,2.62,43.05,22.65,196,9.937030832984187,-7.317030832984186,-1.115550287130108,Moderately Dry
2005-08-15,35.21,24.3,2.24,26.6,0.33,41.49,23.07,227,8.913976886846656,-8.583976886846656,-1.1538096022703626,Moderately Dry
2005-09-15,44.92,17.76,2.04,21.2,15.59,37.34,16.35,258,6.380680162144087,9.209319837855912,-0.6164865294378115,Normal
2005-10-15,57.77,10.57,1.87,14.9,25.16,30.78,8.39,288,3.6307297331278017,21.5292702668722,-0.2444479058996883,Normal
2005-11-15,70.57,4.99,1.99,8.57,66.03,23.47,3.74,319,1.8667949886531554,64.16320501134685,1.0430142872103698,Moderately Wet
2005-12-15,69.99,3.63,2.01,7.08,27.45,23.95,-1.1,349,1.734196856443067,25.715803143556933,-0.11802272766435237,Normal
2006-01-15,79.25,-1.26,1.89,7.68,49.81,16.42,-1.42,15,1.029766848181595,48.78023315181841,0.5784783534402522,Normal
2006-02-15,77.72,1.61,2.41,10.41,63.29,19.04,-3.04,46,1.512464319533753,61.777535680466244,0.9709716974944628,Normal
2006-03-15,70.74,5.83,2.8,15.96,39.72,21.53,2.51,74,2.6086385629661812,37.11136143703382,0.22610104510411516,Normal
2006-04-15,62.93,10.79,2.33,20.12,30.78,28.68,6.36,105,4.143951233772291,26.63604876622771,-0.09023309354625829,Normal
2006-05-15,55.56,15.43,1.72,26.23,15.57,37.42,11.73,135,6.175658575013238,9.394341424986763,-0.6108992361286697,Normal
2006-06-15,40.94,21.29,2.21,29.24,4.5,39.95,16.58,166,8.495204390193377,-3.9952043901933774,-1.015237567161874,Moderately Dry
2006-07-15,37.56,22.32,2.65,28.71,2.54,40.96,20.23,196,9.66120283732109,-7.12120283732109,-1.1096366612290542,Moderately Dry
2006-08-15,28.71,26.21,1.88,26.09,0.9,42.44,23.79,227,8.548759205129123,-7.648759205129123,-1.125567840988983,Moderately Dry
2006-09-15,43.14,18.64,2.07,20.88,24.12,40.74,15.91,258,7.108768360216923,17.011231639783077,-0.3808839152488365,Normal
2006-10-15,64.94,13.44,1.84,13.86,101.72,31.86,11.76,288,3.3508681176601973,98.3691318823398,2.0759669783151544,Extremely Wet
2006-11-15,72.96,4.56,1.59,10.79,59.69,22.06,4.02,319,1.5841581465165748,58.105841853483426,0.860093660661876,Normal
2006-12-15,72.69,0.2,1.63,9.62,1.05,20.34,-1.47,349,1.2971721296372531,-0.2471721296372531,-0.9020542576000417,Normal
2007-01-15,72.46,0.1,2.15,8.81,23.85,18.24,-1.13,15,1.4311502861162808,22.41884971388372,-0.2175843308471061,Normal
2007-02-15,77.18,1.94,1.64,10.98,43.25,19.84,-0.8,46,1.4513403668396174,41.79865963316038,0.3676483653670666,Normal
2007-03-15,68.26,5.0,2.35,17.15,27.44,23.81,3.83,74,2.874969247697244,24.565030752302757,-0.1527738233700242,Normal
2007-04-15,61.75,7.41,2.08,20.52,41.88,26.7,5.52,105,3.8384593535848794,38.04154064641512,0.2541906542868715,Normal
2007-05-15,56.58,17.12,2.01,24.8,33.72,37.0,11.47,135,6.147344825147033,27.572655174852965,-0.06194939540399652,Normal
2007-06-15,45.45,21.01,2.14,28.38,11.09,43.41,16.85,166,8.834599150684312,2.255400849315688,-0.8264814043034481,Normal
2007-07-15,30.13,24.61,2.62,29.31,0.24,44.7,21.52,196,11.113101470974433,-10.873101470974433,-1.2229367277643388,Moderately Dry
2007-08-15,33.23,24.84,2.16,25.32,1.64,41.18,23.5,227,8.641326795804865,-7.001326795804865,-1.10601663712767,Moderately Dry
2007-09-15,30.58,19.96,1.76,22.45,1.35,41.33,18.98,258,7.5660387470392845,-6.216038747039285,-1.0823024601569913,Moderately Dry
2007-10-15,53.99,13.94,2.05,14.38,21.21,35.43,11.91,288,4.633827801882161,16.57617219811784,-0.3940218671234792,Normal
2007-11-15,72.69,6.35,2.26,9.39,93.25,28.61,5.69,319,2.338436056479143,90.91156394352086,1.85076288135989,Severely Wet
2007-12-15,82.12,0.85,1.91,7.44,80.56,17.47,0.2,349,0.9413198370323609,79.61868016296764,1.5097396798705567,Severely Wet
2008-01-15,77.61,-3.12,1.88,8.66,34.97,16.87,-1.4,15,1.1105769166985098,33.859423083301486,0.12789880996330294,Normal
2008-02-15,71.37,-0.44,1.79,13.71,31.21,19.84,-2.16,46,1.7400985889138423,29.46990141108616,-0.004656236449505315,Normal
2008-03-15,65.61,7.83,3.02,16.63,37.79,28.29,5.62,75,3.7999716603388713,33.99002833966113,0.1318428355568187,Normal
2008-04-15,56.28,12.3,2.39,21.14,8.34,35.44,6.71,106,5.6541267407500495,2.6858732592499504,-0.8134819718961644,Normal
2008-05-15,53.98,14.3,1.84,24.77,25.29,35.19,11.32,136,5.876133291440102,19.413866708559897,-0.3083289931326827,Normal
2008-06-15,44.0,20.27,2.29,29.15,16.71,42.68,16.83,167,9.128668931733733,7.581331068266268,-0.665648634793946,Normal
2008-07-15,31.58,23.49,2.41,29.81,1.52,41.85,22.14,197,10.072272695968108,-8.552272695968108,-1.1528521971571841,Moderately Dry
2008-08-15,33.57,24.52,2.35,25.57,4.57,44.22,23.63,228,9.804899315627935,-5.234899315627935,-1.0526739510437122,Moderately Dry
2008-09-15,44.61,19.72,1.99,19.53,35.74,40.69,15.57,259,6.6248945143884255,29.115105485611576,-0.015370385707737206,Normal
2008-10-15,64.09,11.94,1.51,14.71,28.07,32.04,13.79,289,3.2966303140082074,24.773369685991792,-0.14648239139019134,Normal
2008-11-15,70.97,7.69,1.86,10.16,55.96,27.94,6.92,320,2.1899642053791593,53.77003579462084,0.7291607216568371,Normal
2008-12-15,67.06,1.9,1.79,7.15,38.56,21.86,-1.94,350,1.6147902911896623,36.94520970881034,0.22108358495905187,Normal
2009-01-15,79.59,1.21,2.38,8.05,84.8,16.76,-2.85,15,1.1138181160338951,83.6861818839661,1.6325703479189544,Severely Wet
2009-02-15,81.46,2.15,2.8,10.97,64.55,18.05,1.43,46,1.4498766036988462,63.10012339630115,1.010911282977595,Moderately Wet
2009-03-15,77.09,3.13,2.99,15.42,57.79,24.72,1.18,74,2.4692043714009797,55.32079562859902,0.7759906628482092,Normal
2009-04-15,66.64,9.36,1.9,21.01,37.56,27.06,7.66,105,3.6955622471982283,33.86443775280178,0.12805024326241693,Normal
2009-05-15,60.46,13.75,1.88,25.6,45.26,35.4,11.09,135,5.662970661204135,39.59702933879586,0.30116339783618573,Normal
2009-06-15,49.72,20.09,2.06,29.17,5.26,41.42,17.99,166,8.225161094592211,-2.9651610945922116,-0.984132256139066,Normal
2009-07-15,47.89,22.27,2.46,26.85,26.04,41.91,22.14,196,8.812039461559493,17.227960538440506,-0.3743391225889945,Normal
2009-08-15,29.89,21.72,2.35,26.91,0.03,41.75,21.41,227,9.70012534515481,-9.67012534515481,-1.186609180459841,Moderately Dry
2009-09-15,45.92,17.45,1.88,19.76,21.2,38.23,12.78,258,5.972460992703169,15.22753900729683,-0.4347479754679701,Normal
2009-10-15,49.83,15.48,1.96,14.5,32.6,34.64,14.7,288,4.691711241522434,27.908288758477568,-0.051813911727798395,Normal
2009-11-15,73.26,6.12,1.78,9.99,71.58,25.14,6.99,319,1.8651936473620954,69.71480635263791,1.2106618872024781,Moderately Wet
2009-12-15,79.69,4.09,2.5,6.8,91.57,18.75,3.85,349,1.2367108489795173,90.33328915102048,1.8333001034803678,Severely Wet
2010-01-15,79.02,2.7,2.67,6.92,72.85,19.91,-2.51,15,1.3202595844204568,71.52974041557954,1.2654693780669664,Moderately Wet
2010-02-15,79.19,3.49,3.13,10.15,50.36,19.84,-0.55,46,1.642591767664904,48.717408232335096,0.5765811626436549,Normal
2010-03-15,67.93,7.03,2.53,16.83,17.06,24.54,2.7,74,2.9870697475705725,14.072930252429426,-0.4696149219188443,Normal
2010-04-15,66.22,10.01,1.81,20.96,57.1,28.98,7.31,105,3.8462471937992055,53.253752806200794,0.7135699761035469,Normal
2010-05-15,54.17,16.04,1.82,25.8,14.25,34.53,11.13,135,5.848622483188258,8.401377516811742,-0.6408848215211563,Normal
2010-06-15,55.03,20.04,1.88,27.2,42.75,39.29,18.37,166,7.088722487199859,35.66127751280014,0.18231132124970392,Normal
2010-07-15,41.56,24.91,1.92,28.67,2.43,44.79,21.31,196,9.029078402610114,-6.599078402610115,-1.0938695153200912,Moderately Dry
2010-08-15,27.97,26.32,2.09,25.79,1.35,45.81,23.42,227,9.766252922641945,-8.416252922641945,-1.1487446636460876,Moderately Dry
2010-09-15,37.58,21.47,1.86,21.75,3.84,39.14,21.63,258,6.945825072843676,-3.1058250728436763,-0.9883800356371731,Normal
2010-10-15,63.43,12.5,2.04,12.7,64.63,32.3,11.35,288,3.554916982102706,61.07508301789729,0.9497589886293907,Normal
2010-11-15,53.39,10.25,1.87,11.61,7.88,29.11,11.13,319,3.2605951212593665,4.619404878740633,-0.755093064698249,Normal
2010-12-15,72.26,5.8,2.19,7.56,116.05,27.06,4.56,349,2.0197517190601233,114.03024828093987,2.548902338045391,Extremely Wet
2011-01-15,81.23,0.46,1.7,7.45,55.98,16.3,0.55,15,0.948063361911575,55.031936638088425,0.7672676812221577,Normal
2011-02-15,78.94,1.36,1.81,11.41,55.89,17.96,-1.6,46,1.356219429564847,54.533780570435155,0.7522243335411164,Normal
2011-03-15,73.06,4.53,1.89,14.88,44.12,23.05,2.01,74,2.287034999117077,41.83296500088292,0.36868432097914455,Normal
2011-04-15,74.46,8.17,2.29,17.81,68.81,27.55,3.82,105,3.1216047740814212,65.68839522591858,1.0890720754565513,Moderately Wet
2011-05-15,68.26,13.05,1.82,23.37,48.58,31.33,10.31,135,4.487206664994486,44.09279333500551,0.43692675650707297,Normal
2011-06-15,61.36,18.07,1.84,27.91,65.69,38.96,17.37,166,6.699599525945352,58.990400474054645,0.8868056164876896,Normal
2011-07-15,49.43,23.01,1.96,28.28,1.41,43.76,19.63,196,8.402617328205281,-6.992617328205281,-1.1057536280874822,Moderately Dry
2011-08-15,37.13,22.46,2.54,26.35,2.8,42.32,22.61,227,9.66103545499826,-6.86103545499826,-1.101780110558125,Moderately Dry
2011-09-15,41.56,18.48,2.09,21.16,18.44,39.06,18.83,258,7.106087834668194,11.333912165331807,-0.5523279591864129,Normal
2011-10-15,58.97,10.19,2.06,15.29,34.91,32.28,8.59,288,3.9683057493109253,30.94169425068907,0.03978905457126826,Normal
2011-11-15,68.94,1.65,1.49,9.62,16.25,22.35,3.11,319,1.6632372539692555,14.586762746030745,-0.4540981765593534,Normal
2011-12-15,74.15,1.49,2.0,8.07,67.07,18.13,2.28,349,1.2984004978956987,65.7715995021043,1.0915846833248193,Moderately Wet
2012-01-15,82.72,-1.04,2.47,7.13,91.77,15.42,-4.56,15,0.933641262923766,90.83635873707622,1.8484918298934274,Severely Wet
2012-02-15,78.58,-1.28,2.18,10.06,83.33,15.79,-3.62,46,1.2535613488523147,82.07643865114768,1.583959222408493,Severely Wet
2012-03-15,75.62,1.82,2.38,16.43,41.38,22.2,-1.24,75,2.230924421310388,39.14907557868961,0.2876360625373242,Normal
2012-04-15,63.03,11.51,2.22,22.25,14.12,31.64,7.49,106,4.6572401720872145,9.462759827912784,-0.6088331329737964,Normal
2012-05-15,67.13,14.35,1.85,23.23,60.0,31.21,13.86,136,4.678432169101896,55.321567830898104,0.7760139818609032,Normal
2012-06-15,50.5,20.83,1.92,29.29,11.46,43.83,15.9,167,8.367372129119909,3.092627870880092,-0.8011987710261148,Normal
2012-07-15,35.24,24.78,2.34,28.63,7.37,44.41,20.74,197,9.988706833524072,-2.6187068335240715,-0.973670008977492,Normal
2012-08-15,37.14,22.67,2.64,26.19,2.11,40.92,22.94,228,9.430100177614605,-7.320100177614606,-1.115642975388721,Moderately Dry
2012-09-15,34.36,20.64,1.89,22.43,0.86,39.42,20.14,259,7.221555960184831,-6.36155596018483,-1.086696797942009,Moderately Dry
2012-10-15,59.12,14.78,1.56,13.99,38.78,36.77,13.9,289,3.986008614426401,34.7939913855736,0.15612096124410477,Normal
2012-11-15,75.89,7.86,1.69,8.01,67.56,28.43,7.46,320,1.8348456042428278,65.72515439575717,1.0901821311363975,Moderately Wet
2012-12-15,81.4,2.74,2.07,7.21,105.85,20.17,3.77,350,1.1420897193970219,104.70791028060297,2.2673857996643667,Extremely Wet
2013-01-15,82.96,0.8,2.64,7.59,42.33,16.55,-0.5,15,1.038423348984812,41.291576651015184,0.35233544217115964,Normal
2013-02-15,79.44,3.55,2.47,11.97,39.93,19.9,2.76,46,1.644646643390906,38.28535335660909,0.2615533255593165,Normal
2013-03-15,70.45,5.76,2.89,16.16,33.63,25.01,1.05,74,2.9254247608980197,30.704575239101985,0.032628520022540866,Normal
2013-04-15,66.67,10.84,2.01,19.67,66.9,33.63,9.29,105,4.377964658863308,62.5220353411367,0.9934541442036702,Normal
2013-05-15,57.29,16.79,1.74,25.28,32.49,34.42,13.22,135,5.6503253891223535,26.839674610877648,-0.08408398772015638,Normal
2013-06-15,47.83,19.73,2.21,29.28,14.54,39.54,17.59,166,8.148089362347843,6.391910637652156,-0.7015668263778653,Normal
2013-07-15,34.93,22.64,2.78,29.13,0.79,40.6,22.42,196,10.17697044116801,-9.38697044116801,-1.1780584511907357,Moderately Dry
2013-08-15,34.22,22.54,2.52,26.81,1.57,40.69,21.79,227,9.354142005466981,-7.784142005466981,-1.12965613915046,Moderately Dry
2013-09-15,41.56,18.07,2.07,21.36,7.95,39.7,15.69,258,7.058505098957688,0.8914949010423125,-0.8676687203202383,Normal
2013-10-15,48.52,10.06,2.24,15.91,19.47,33.36,9.92,288,5.0771278171122205,14.392872182887778,-0.45995329575357086,Normal
2013-11-15,62.36,8.75,1.58,10.12,11.56,27.24,5.06,319,2.2607211687743183,9.299278831225681,-0.6137699422030658,Normal
2013-12-15,69.87,-0.72,2.06,6.36,17.02,20.53,-0.22,349,1.6001217400886554,15.419878259911345,-0.4289397028448498,Normal
2014-01-15,72.1,3.13,1.72,7.98,37.22,19.62,3.93,15,1.4286039098974386,35.79139609010256,0.18624065007900797,Normal
2014-02-15,59.42,4.32,1.77,13.25,21.54,23.0,-0.29,46,2.396555566006808,19.143444433993192,-0.31649522167260374,Normal
2014-03-15,64.25,6.65,2.74,16.51,62.2,27.13,3.07,74,3.539422237542165,58.66057776245784,0.876845609883679,Normal
2014-04-15,58.22,11.72,2.34,22.58,11.3,33.1,5.4,105,5.1816051088820725,6.118394891117928,-0.7098264717752145,Normal
2014-05-15,54.85,15.66,2.19,24.47,37.69,33.31,12.39,135,5.852406437880603,31.837593562119395,0.06684347727968037,Normal
2014-06-15,50.57,19.18,2.05,27.56,31.67,42.85,16.27,166,8.19651459830324,23.473485401696763,-0.18573637724625094,Normal
2014-07-15,33.76,24.79,2.19,28.83,3.53,42.71,23.18,196,9.605433432071697,-6.075433432071698,-1.0780564521763518,Moderately Dry
2014-08-15,35.76,25.28,1.96,25.9,5.03,42.01,22.7,227,8.307718880553837,-3.277718880553837,-0.9935708954530206,Normal
2014-09-15,55.2,18.93,1.91,19.86,79.78,35.31,13.54,258,5.060052042018863,74.71994795798113,1.3618074623567094,Moderately Wet
2014-10-15,68.41,11.89,1.83,14.53,56.0,32.39,9.55,288,3.232554880996701,52.7674451190033,0.6988844265468828,Normal
2014-11-15,70.2,5.28,1.6,8.97,58.16,24.96,3.83,319,1.8052296936472507,56.35477030635275,0.8072146939919357,Normal
2014-12-15,83.56,4.39,2.08,7.42,53.19,21.46,2.11,349,1.0859983385015421,52.10400166149846,0.6788497200642867,Normal
2015-01-15,80.16,0.29,2.47,7.65,55.16,17.5,-3.92,15,1.1229260850786107,54.037073914921386,0.7372247552973326,Normal
2015-02-15,80.84,1.47,2.68,9.47,58.43,17.91,0.23,46,1.385161051519272,57.04483894848073,0.8280534294432937,Normal
2015-03-15,76.09,5.13,2.28,14.28,81.96,24.3,2.97,74,2.332515103252936,79.62748489674706,1.5100055657647242,Severely Wet
2015-04-15,68.22,7.89,2.55,21.35,23.44,28.35,6.31,105,3.9575682441353575,19.482431755864646,-0.30625846160180853,Normal
2015-05-15,59.69,15.3,1.9,25.56,39.54,36.54,13.15,135,5.96592922728634,33.57407077271366,0.11928172327401873,Normal
2015-06-15,64.27,18.31,1.52,26.03,60.28,35.99,16.17,166,5.652316811073452,54.62768318892655,0.7550600106107157,Normal
2015-07-15,48.01,21.98,2.08,28.84,2.4,42.22,20.78,196,8.537324439427296,-6.137324439427296,-1.0799254406368681,Moderately Dry
2015-08-15,41.39,24.81,2.1,25.73,7.41,44.26,22.31,227,8.75119606020216,-1.3411960602021598,-0.9350916597868647,Normal
2015-09-15,34.72,22.68,1.66,20.6,6.76,40.88,20.2,258,6.713440179828845,0.04655982017115523,-0.8931841220483181,Normal
2015-10-15,61.63,14.32,1.66,13.48,47.51,32.58,14.6,288,3.4916212502497537,44.01837874975024,0.4346795802680902,Normal
2015-11-15,63.38,7.23,1.77,11.48,11.63,26.02,8.82,319,2.4223909044663556,9.207609095533645,-0.6165381905400595,Normal
2015-12-15,73.65,0.15,1.26,8.04,3.27,21.24,1.0,349,1.1731201460998184,2.0968798539001816,-0.8312684311081483,Normal
2016-01-15,77.58,-0.84,3.11,7.78,56.78,17.21,-4.31,15,1.3229743743297888,55.45702562567021,0.7801045447089348,Normal
2016-02-15,71.82,5.18,2.49,12.75,38.5,26.32,2.18,46,2.497260152325563,36.002739847674434,0.19262282191593585,Normal
2016-03-15,62.18,6.44,2.83,17.69,31.5,23.99,3.74,75,3.4210938562744073,28.078906143725593,-0.04666159739625303,Normal
2016-04-15,48.96,13.36,2.19,23.31,5.94,32.05,9.39,106,5.622189524044797,0.31781047595520295,-0.8849928780012617,Normal
2016-05-15,58.38,14.83,2.09,22.8,60.08,33.53,11.02,136,5.3928870638684,54.6871129361316,0.7568546737852778,Normal
2016-06-15,49.56,20.7,2.25,27.84,18.51,41.76,17.4,167,8.313735191202138,10.196264808797864,-0.5866827042834244,Normal
2016-07-15,33.7,24.1,2.46,29.32,2.91,41.96,22.91,197,9.999959439050977,-7.089959439050977,-1.108693171159509,Moderately Dry
2016-08-15,31.94,25.26,2.07,26.21,0.8,42.56,22.12,228,8.784395162134901,-7.984395162134901,-1.1357033963366925,Moderately Dry
2016-09-15,44.69,17.82,1.9,21.04,22.88,38.73,14.23,259,6.315834943344471,16.56416505665553,-0.3943844595225317,Normal
2016-10-15,44.66,14.05,1.65,16.22,5.0,34.33,13.45,289,4.614413953262678,0.38558604673732244,-0.8829461871311504,Normal
2016-11-15,49.11,7.19,1.89,11.17,21.35,25.43,4.72,320,2.900527677679039,18.44947232232096,-0.33745183433821146,Normal
2016-12-15,80.36,-2.64,1.86,5.95,117.12,18.69,-1.17,350,1.0151920720876595,116.10480792791235,2.611550018322543,Extremely Wet
2017-01-15,82.79,-2.64,2.36,9.92,40.0,15.16,-3.53,15,0.944349131992978,39.05565086800702,0.28481481735723513,Normal
2017-02-15,72.83,0.8,2.02,13.04,1.33,21.09,-3.35,46,1.807741827347472,-0.47774182734747184,-0.909017015564041,Normal
2017-03-15,73.57,4.98,2.15,15.27,77.44,22.73,4.59,74,2.3977482611694443,75.04225173883056,1.371540411825884,Moderately Wet
2017-04-15,62.16,9.34,2.02,22.28,48.43,30.81,6.39,105,4.430518097669933,43.99948190233007,0.43410893210323614,Normal
2017-05-15,61.18,14.51,2.16,24.1,42.28,33.05,11.51,135,5.368444515694154,36.91155548430585,0.22006729261006613,Normal
2017-06-15,55.77,19.62,1.92,27.53,9.92,42.59,15.5,166,7.574202441345937,2.3457975586540627,-0.8237515988948634,Normal
2017-07-15,32.4,24.93,2.35,30.05,0.0,44.05,23.87,196,10.524886887547325,-10.524886887547325,-1.212421322279508,Moderately Dry
2017-08-15,39.83,24.71,1.78,25.59,13.88,42.72,23.73,227,8.047246405190045,5.832753594809956,-0.7184522852731142,Normal
2017-09-15,29.07,22.32,1.64,21.75,2.11,39.54,19.5,258,6.719643429767695,-4.609643429767695,-1.0337924352068721,Moderately Dry
2017-10-15,49.55,12.19,2.17,15.66,18.04,31.66,13.03,288,4.657949562356005,13.382050437643993,-0.49047815321218396,Normal
2017-11-15,69.88,6.04,1.85,10.08,66.53,24.6,4.03,319,1.9433692178643527,64.58663078213564,1.0558009247737656,Moderately Wet
2017-12-15,74.3,4.48,2.24,8.16,36.68,19.71,2.83,349,1.4299108400898743,35.250089159910125,0.16989422998740375,Normal
2018-01-15,82.55,0.65,2.21,6.9,86.62,18.34,1.79,15,1.0747297226818906,85.54527027731811,1.6887112139787224,Severely Wet
2018-02-15,73.57,5.33,2.24,12.01,23.25,18.98,4.31,46,1.8284564717220846,21.421543528277915,-0.2477010446014865,Normal
2018-03-15,65.44,8.75,2.85,16.4,33.05,24.98,6.48,74,3.3589930000361785,29.691006999963818,0.002020723771770403,Normal
2018-04-15,54.85,12.77,2.01,22.9,17.73,30.47,8.56,105,4.886804412900414,12.843195587099586,-0.5067505252512158,Normal
2018-05-15,57.74,17.23,1.59,23.94,42.64,35.72,14.65,135,5.563537839122473,37.076462160877526,0.22504715460849395,Normal
2018-06-15,52.46,21.05,1.57,27.55,32.94,38.84,18.05,166,6.827222968613532,26.112777031386464,-0.10603488569537547,Normal
2018-07-15,37.64,24.58,2.32,29.16,1.54,40.62,21.44,196,9.03097180128741,-7.490971801287411,-1.1208029672279114,Moderately Dry
2018-08-15,32.8,24.19,2.21,26.52,0.15,40.77,22.06,227,8.736829716172473,-8.586829716172472,-1.1538957521864424,Moderately Dry
2018-09-15,38.8,20.21,2.04,21.27,5.71,40.99,20.93,258,7.615396901108742,-1.905396901108742,-0.9521294316074042,Normal
2018-10-15,56.2,14.05,1.57,14.65,38.16,34.61,8.98,288,3.787498505648137,34.37250149435186,0.14339278349137252,Normal
2018-11-15,70.07,7.07,1.56,10.04,39.27,28.94,5.6,319,2.1195105859375487,37.150489414062456,0.22728263416970745,Normal
2018-12-15,83.83,2.05,2.24,6.65,123.17,19.61,0.18,349,1.0057113715692723,122.16428862843073,2.7945345905548424,Extremely Wet
2019-01-15,86.44,-0.32,2.83,8.1,104.99,14.91,-1.16,15,0.8621572479498354,104.12784275205016,2.2498688846308714,Extremely Wet
2019-02-15,77.79,2.55,2.01,11.65,51.58,17.64,2.52,46,1.4943736751916796,50.08562632480832,0.617898697057171,Normal
2019-03-15,73.89,4.43,1.96,16.93,40.88,22.47,0.98,74,2.333581018130967,38.54641898186904,0.2694370014259072,Normal
2019-04-15,72.76,8.39,1.86,18.78,40.62,27.72,6.19,105,3.2177596776458115,37.40224032235419,0.23488502363831565,Normal
2019-05-15,57.26,16.38,2.03,25.52,7.38,40.03,10.09,135,6.674164035515985,0.7058359644840149,-0.8732752603467323,Normal
2019-06-15,56.55,20.68,1.71,26.25,28.28,40.4,18.05,166,6.850751081500199,21.429248918499802,-0.24746835675192966,Normal
2019-07-15,42.71,22.13,2.32,28.74,5.78,39.62,20.7,196,8.603870579834485,-2.8238705798344848,-0.979865556452868,Normal
2019-08-15,41.06,22.98,2.37,24.94,8.21,42.27,22.52,227,8.852802846894628,-0.642802846894627,-0.9140015384211696,Normal
2019-09-15,40.04,19.22,1.92,20.65,7.09,39.05,16.75,258,6.66684770620223,0.4231522937977701,-0.8818117592835395,Normal
2019-10-15,51.0,15.52,1.52,15.16,13.5,36.2,14.01,288,4.31497291226319,9.18502708773681,-0.6172201234054446,Normal
2019-11-15,56.03,9.65,1.68,10.63,25.82,28.48,8.82,319,2.801027436242321,23.01897256375768,-0.19946178398238543,Normal
2019-12-15,75.93,2.96,1.95,6.47,100.83,20.71,5.06,349,1.3711721399610957,99.45882786003891,2.1088736847141814,Extremely Wet
2020-01-15,83.5,-0.94,2.14,7.31,73.66,14.48,0.05,15,0.8833126016061179,72.77668739839388,1.303124760025212,Moderately Wet
2020-02-15,79.43,1.58,2.76,10.86,50.24,17.7,-3.45,46,1.440550538920422,48.79944946107958,0.5790586487335005,Normal
2020-03-15,72.75,5.99,2.4,14.65,44.06,22.7,2.08,75,2.4331833911670007,41.626816608833,0.3624590391109469,Normal
2020-04-15,66.12,9.54,1.77,20.08,24.51,26.69,6.45,106,3.5342713347306858,20.975728665269315,-0.2611637893537639,Normal
2020-05-15,55.77,15.1,2.37,26.48,30.55,40.32,11.49,136,7.389349419234001,23.160650580766,-0.19518338247930445,Normal
2020-06-15,49.39,19.62,1.91,28.59,12.71,38.86,14.73,167,7.347887235184872,5.362112764815129,-0.7326647261088926,Normal
2020-07-15,33.57,25.12,2.2,29.87,1.16,43.28,21.85,197,9.747648357128659,-8.587648357128659,-1.15392047355657,Moderately Dry
2020-08-15,27.42,23.39,2.3,26.85,0.19,42.61,23.29,228,9.917879433575225,-9.727879433575225,-1.1883532419869902,Moderately Dry
2020-09-15,35.59,23.07,1.71,21.43,4.48,44.47,21.84,259,7.665108026373343,-3.1851080263733422,-0.9907742271618194,Normal
2020-10-15,38.54,17.63,1.89,16.17,1.78,38.0,16.71,289,5.832242873835842,-4.052242873835842,-1.016960018811766,Moderately Dry
2020-11-15,66.86,5.72,1.42,10.19,35.75,26.6,7.04,320,2.0236589969579826,33.726341003042016,0.12387998908877149,Normal
2020-12-15,74.05,3.65,1.66,8.14,29.33,20.02,3.32,350,1.2790946026969559,28.050905397303044,-0.047507165665143944,Normal
2021-01-15,72.39,2.61,2.58,8.26,61.83,20.07,-1.67,15,1.6340804484954172,60.19591955150458,0.9232099560024902,Normal
2021-02-15,68.48,2.23,2.26,12.91,16.53,20.92,-1.45,46,2.074634325116651,14.45536567488335,-0.45806611342470666,Normal
2021-03-15,67.07,3.78,2.46,15.47,49.27,21.93,2.55,74,2.682776271778236,46.587223728221765,0.5122537194969666,Normal
2021-04-15,58.67,10.62,2.51,19.17,23.31,33.03,5.81,105,5.007985330058176,18.302014669941823,-0.3419047696269842,Normal
2021-05-15,47.58,17.64,2.19,27.37,2.04,37.28,14.02,135,7.280579197913624,-5.240579197913624,-1.0528454724795817,Moderately Dry
2021-06-15,46.86,19.44,2.05,28.3,19.93,41.44,17.36,166,8.281954606653283,11.648045393346717,-0.5428417445760846,Normal
2021-07-15,38.62,23.86,2.46,29.13,8.63,42.15,22.62,196,9.711483349804674,-1.0814833498046728,-0.9272488393268029,Normal
2021-08-15,35.98,23.27,2.3,25.59,6.74,43.93,23.19,227,9.610885383397742,-2.8708853833977415,-0.9812853123929889,Normal
2021-09-15,49.41,17.59,1.88,20.36,25.61,36.86,15.49,258,5.730260021035152,19.87973997896485,-0.29426052335569014,Normal
2021-10-15,46.4,12.36,1.67,16.39,1.16,33.75,13.91,288,4.62025633985697,-3.4602563398569695,-0.9990831729166814,Normal
2021-11-15,65.43,8.44,2.02,10.55,28.21,29.62,7.93,319,2.7595403023387015,25.450459697661298,-0.12603558542255983,Normal
2021-12-15,76.4,2.19,2.22,7.83,72.92,19.99,-1.82,349,1.302839513725501,71.6171604862745,1.2681092947580561,Moderately Wet
2022-01-15,83.49,-2.01,2.5,7.75,93.21,17.23,-2.55,15,0.9989450817730826,92.2110549182269,1.8900049900287033,Severely Wet
2022-02-15,78.73,1.7,2.36,11.36,50.08,19.51,0.83,46,1.5695573256608715,48.510442674339124,0.5703312039477766,Normal
2022-03-15,76.88,-0.29,2.5,13.75,45.82,21.61,-2.14,74,1.982761998489884,43.837238001510116,0.42920948077132604,Normal
2022-04-15,55.75,11.76,2.51,22.6,21.32,32.14,4.45,105,5.268883552443039,16.05111644755696,-0.4098775330894211,Normal
2022-05-15,58.81,14.51,1.9,24.2,29.38,37.0,11.56,135,5.875810519919082,23.504189480080917,-0.1848091735919129,Normal
2022-06-15,55.44,20.09,1.99,26.75,20.57,38.98,19.46,166,7.129649045123117,13.440350954876884,-0.488717590594026,Normal
2022-07-15,39.02,22.43,2.71,29.63,1.25,42.49,22.84,196,10.4066940347388,-9.1566940347388,-1.1711045500549444,Moderately Dry
2022-08-15,32.26,26.36,1.98,25.49,0.35,40.61,21.84,227,7.984080594057073,-7.634080594057074,-1.125124575385752,Moderately Dry
2022-09-15,37.09,20.61,1.96,21.79,11.81,39.25,16.6,258,6.895995887491864,4.914004112508136,-0.7461967388519931,Normal
2022-10-15,55.97,13.62,1.49,14.56,13.69,39.14,14.44,288,4.522262644650029,9.16773735534997,-0.6177422398113185,Normal
2022-11-15,67.42,8.06,1.75,10.68,26.65,29.16,8.68,319,2.4613191974147712,24.18868080258523,-0.16413886238282577,Normal
2022-12-15,74.85,4.69,1.58,7.59,17.4,22.21,5.27,349,1.3474895141414998,16.052510485858498,-0.40983543583474047,Normal
2023-01-15,67.86,2.17,1.65,9.63,12.94,18.85,2.11,15,1.4907232467716036,11.449276753228396,-0.5488441722399164,Normal
2023-02-15,71.44,-0.56,2.0,11.56,24.05,26.74,-0.79,46,2.286079257151404,21.763920742848597,-0.23736191634170958,Normal
2023-03-15,65.99,6.87,2.48,15.27,53.69,25.88,2.84,74,3.112511552089957,50.57748844791004,0.6327519798121339,Normal
2023-04-15,61.83,10.1,2.42,20.07,36.11,30.74,4.74,105,4.452307479417217,31.65769252058278,0.061410814522473114,Normal
2023-05-15,57.64,15.02,1.81,22.91,50.58,34.37,9.49,135,5.286281658457073,45.29371834154293,0.4731923639848757,Normal
2023-06-15,60.81,19.11,1.85,25.64,49.1,39.07,17.41,166,6.463727281346543,42.63627271865346,0.3929426570267487,Normal
2023-07-15,40.28,23.21,2.5,29.04,3.43,44.91,21.48,196,10.357585447289823,-6.9275854472898235,-1.103789791333326,Moderately Dry
2023-08-15,26.41,27.49,1.84,26.04,1.78,46.14,24.46,227,9.284736591467327,-7.504736591467327,-1.1212186372114339,Moderately Dry
2023-09-15,35.0,20.59,1.86,21.26,4.38,38.44,20.48,258,6.878981474009075,-2.498981474009075,-0.9700545351804823,Normal
2023-10-15,53.63,15.11,1.58,15.24,23.9,32.43,16.23,288,3.91588611449115,19.984113885508847,-0.2911086336831092,Normal
2023-11-15,64.94,10.08,2.56,10.17,38.15,30.57,3.32,319,3.0447617234002156,35.105238276599785,0.16552001407188052,Normal
2023-12-15,75.82,5.56,1.8,8.95,52.27,21.96,5.31,349,1.393055881088869,50.87694411891113,0.6417949606497465,Normal
2024-01-15,82.13,2.55,2.24,7.37,59.85,20.36,2.06,15,1.1883349306230766,58.66166506937692,0.8768784444451384,Normal
2024-02-15,72.75,4.47,1.73,12.6,25.1,21.4,2.54,46,1.8283123845829354,23.271687615417065,-0.19183027925284643,Normal
2024-03-15,64.88,6.59,1.95,16.92,28.21,29.0,5.4,75,3.404151372908136,24.805848627091866,-0.14550159032199972,Normal
2024-04-15,58.04,14.27,2.21,20.78,17.39,35.07,11.82,106,5.438100354828816,11.951899645171185,-0.5336659351232532,Normal
2024-05-15,60.18,15.24,1.94,23.73,42.53,35.51,11.27,136,5.556907104764225,36.97309289523578,0.22192560314389342,Normal
2024-06-15,38.17,24.66,2.24,29.99,3.33,44.27,17.47,167,9.60655344485882,-6.27655344485882,-1.084129886737181,Moderately Dry
2024-07-15,39.3,25.48,2.57,27.8,8.93,43.27,23.48,197,9.848650725534068,-0.9186507255340679,-0.9223316096877895,Normal
2024-08-15,34.59,25.68,1.95,25.4,7.38,42.63,25.37,228,8.584813792081741,-1.2048137920817412,-0.9309731796355952,Normal
2024-09-15,47.7,20.73,1.63,20.44,19.31,39.01,17.71,259,5.78190454956045,13.528095450439547,-0.4860678769007553,Normal
2024-10-15,48.98,13.27,1.77,16.74,0.13,34.71,11.43,289,4.619559154234536,-4.489559154234536,-1.0301661228417909,Moderately Dry
2024-11-15,66.25,6.09,1.79,10.17,38.46,28.23,2.92,320,2.3419159412213157,36.118084058778685,0.19610599352279942,Normal
2024-12-15,79.63,3.43,2.03,7.37,81.13,19.14,1.79,350,1.1289825599606804,80.00101744003932,1.5212855245643833,Severely Wet
2025-01-15,74.68,3.45,1.37,10.16,4.16,19.28,4.14,15,1.2396612277589047,2.920338772241095,-0.8064015678618318,Normal
2025-02-15,73.41,-1.24,2.46,11.2,26.08,19.76,-4.18,46,1.7444432904657583,24.33555670953424,-0.15970349467846176,Normal
2025-03-15,60.09,8.13,2.16,17.2,21.44,29.93,3.07,74,3.84326473053135,17.596735269468653,-0.363202840497776,Normal
2025-04-15,62.17,9.94,2.31,21.6,29.23,32.97,3.01,105,4.753446314823199,24.476553685176803,-0.15544565930458312,Normal
2025-05-15,53.24,16.62,1.97,24.92,27.88,37.27,12.17,135,6.389653938363356,21.490346061636643,-0.2456233414520948,Normal
2025-06-15,37.59,21.04,2.42,29.81,3.24,42.54,17.78,166,9.828824546899893,-6.588824546899893,-1.0935598687524066,Moderately Dry
2025-07-15,30.49,26.42,2.15,23.16,5.18,45.68,21.44,196,9.405439951132955,-4.225439951132955,-1.022190234843048,Moderately Dry
2025-08-15,31.23,26.03,2.09,22.98,1.9,47.23,24.61,227,9.788979666342712,-7.888979666342712,-1.1328220333049772,Moderately Dry
2025-09-15,39.16,19.84,2.13,19.22,3.19,39.93,19.42,258,7.239222259515046,-4.049222259515046,-1.0168688021140508,Moderately Dry
2025-10-15,14.06,14.06,14.06,14.06,14.06,33.35,12.09,288,17.280204568826953,-3.2202045688269525,-0.9918340747172637,Normal
2025-11-15,9.39,9.39,9.39,9.39,9.39,10.84,10.84,319,6.718443320162895,2.6715566798371055,-0.8139143048450037,Normal
2025-12-15,7.03,7.03,7.03,7.03,7.03,5.57,5.57,349,4.4329613631273785,2.5970386368726217,-0.8161646053062755,Normal
